ref,wilfordMatch,scriptureMatch
1 Ne. 13:12,,
D&C 135:3,,
D&C 136:39, deaths. They had to seal their testimony with their blood, death; but it was needful that he should seal his testimony with his blood
Heb. 11:37," were crucified; others were sawn asunder,"," were stoned, they were sawn asunder,"
Rev. 6:9," for the word of God, and the testimony "," for the word of God, and for the testimony "
2 Pet. 1:21, holy men who wrote and spoke as they were moved upon by the Holy Ghost, holy men of God spake as they were moved by the Holy Ghost
Gen. 2:7, of the whole world-of the fourteen hundred millions of people who breathe the breath of life," of the dust of the ground, and breathed into his nostrils the breath of life"
Isa. 31:1,,
Prov. 14:34," exalteth a nation, while sin is a reproach to any people.", exalteth a nation: but sin is a reproach to any people.
Gal. 6:7,,
Matt. 7:2, what measure they measure to others will be measured ," what measure ye mete, it shall be measured "
Isa. 40:1-3,,
Jer. 31:1-14,,
Ezek. 20:33-44,,
D&C 5:14,,
D&C 33:5,", that in the latter days He would set His hand to call forth His Church out of the wilderness",", that this church have I established and called forth out of the wilderness"
D&C 109:73,h out of the wilderness and out of darkness,h out of the wilderness of darkness
Eph. 2:20,"t upon the foundation of truth, Christ Jesus being the chief corner","t upon the foundation of the apostles and prophets, Jesus Christ himself being the chief corner"
1 Pet. 2:6,"n the foundation of truth, Christ Jesus being the chief corner","n the scripture, Behold, I lay in Sion a chief corner"
Dan. 2:44,"but it should break in pieces and consume all these kingdoms, and it sh","but it shall break in pieces and consume all these kingdoms, and it sh"
Dan. 2:34-35,,
D&C 65:2,,
Dan. 2:44, break in pieces a, break in pieces a
Isa. 2:2-3,,
Rev. 1:9,,
Rev. 14:6-7,"Saying with a loud voice, Fear God, and give glory to him; for the hour of his judgment is come","Saying with a loud voice, Fear God, and give glory to him; for the hour of his judgment is come"
Rev. 1:9,"ord of God, and the testimony of Jesus Christ","ord of God, and for the testimony of Jesus Christ"
Rev. 6:9," were put to death in the flesh for the word of God, and the testimony "," were slain for the word of God, and for the testimony "
D&C 13:1,,
D&C 27:8, Joseph Smith. John the Baptist conferred upon him the Aaron," Joseph Smith, Jun., and Oliver Cowdery, to ordain you unto the first priesthood which you have received, that you might be called and ordained even as Aaron"
JS-H 1:68-72,,
D&C 27:12,,
John 15:19,"because the Lord has called them forth out of the world, the","because ye are not of the world, but I have chosen you out of the world, the"
Isa. 60:22,"ll become a great nation, and God will hasten it in His time","ll become a thousand, and a small one a strong nation: I the LORD will hasten it in his time"
Rom. 1:16, is the power of God unto salvation to every one that believeth-to Jew or Greek," is the power of God unto salvation to every one that believeth; to the Jew first, and also to the Greek"
D&C 84:33,"n, and the magnifying their calling, are sanctified by the Spirit unto the renewing of their bodies.","n, and the magnifying their calling, are sanctified by the Spirit unto the renewing of their bodies."
D&C 84:38-39,en unto him.  “And this is according to the oath and the covenant which belongeth to the priesthood.,en unto him.And this is according to the oath and covenant which belongeth to the priesthood.
D&C 84:41,"urneth therefrom, shall not have forgiveness of sins in this world nor in the world  [p.9a]to come.","urneth therefrom, shall not have forgiveness of sins in this world nor in the world to come."
Micah 3:11,,
Acts 19:27,,
1 Cor. 12:28,,
Eph. 2:20,,
Isa. 14:12, heavens among the spirits-from God upon his throne down to Lucifer the son of the morning," heaven, O Lucifer, son of the morning"
D&C 76:26, the heavens among the spirits-from God upon his throne down to Lucifer the son of the morning," the heavens wept over him--he was Lucifer, a son of the morning"
Jer. 25:31,nds of God if they persecute us. The Lord has a controversy with th,nds of the earth; for the LORD hath a controversy with th
Luke 21:24,", and the Jews have been trampled under the feet of the Gentiles ",", and shall be led away captive into all nations: and Jerusalem shall be trodden down of the Gentiles, until the times of the Gentiles "
Rev. 5:9,,
Rev. 8:6, the seals; the blowing of the trumpets, the seven angels which had the seven trumpets
Rev. 16:1,,
Rev. 21:9, of the seals; the blowing of the trumpets; the pouring out of the plagues, of the seven angels which had the seven vials full of the seven last plagues
Rev. 16:19,"reat Babylon comes in remembrance before God,","reat Babylon came in remembrance before God,"
Isa. 34:5-6,,
D&C 1:36," shall fall on Idumea, or the world"," shall have power over his saints, and shall reign in their midst, and shall come down in judgment upon Idumea, or the world"
Heb. 11:3, faith in that direction. As the ancients had faith; as the world was created by , faith we understand that the worlds were framed by 
Heb. 11:7,,
Gen. 6:3,d the Gospel of repentance for 120 years,"d the LORD said, My spirit shall not always strive with man, for that he also is flesh: yet his days shall be an hundred and twenty years"
Moses 8:17,,
Heb. 11:8,y faith; as Abraham went out not knowing wh,"y faith Abraham, when he was called to go out into a place which he should after receive for an inheritance, obeyed; and he went out, not knowing wh"
Deut. 20:3,"to the end. Therefore I say to the Saints, fear not. Trust in God. Let not your hearts ","to them, Hear, O Israel, ye approach this day unto battle against your enemies: let not your hearts "
D&C 103:19,"Therefore I say to the Saints, fear not. Trust in God. Let not your hearts ","Therefore, let not your hearts "
D&C 88:2,,
D&C 98:2,,
D&C 58:22," power and strength and glory, until the Millennium, until He reigns whose right it is to reign"," powers that be, until he reigns whose right it is to reign"
Hosea 8:7, reap the whirlwind, reap the whirlwind
3 Ne. 27:27,,
Luke 17:33,ll seek to save his life ,ll seek to save his life 
Eph. 4:10, descended below all things.," descended is the same also that ascended up far above all heavens, that he might fill all things."
D&C 88:6, descended below all things, descended below all things
D&C 122:8,on of the world for the sake of the truth? Jesus Himself descended below ,on of Man hath descended below 
D&C 122:8,"descended, I believe, lower than any other man will be called to descend. Are we greater than ",descended below them all. Art thou greater than 
Rev. 2:10,,
1 Ne. 13:12,,
D&C 135:3,,
D&C 136:39, deaths. They had to seal their testimony with their blood, death; but it was needful that he should seal his testimony with his blood
Heb. 11:37," were crucified; others were sawn asunder,"," were stoned, they were sawn asunder,"
Rev. 6:9," for the word of God, and the testimony "," for the word of God, and for the testimony "
2 Pet. 1:21, holy men who wrote and spoke as they were moved upon by the Holy Ghost, holy men of God spake as they were moved by the Holy Ghost
Gen. 2:7, of the whole world-of the fourteen hundred millions of people who breathe the breath of life," of the dust of the ground, and breathed into his nostrils the breath of life"
Isa. 31:1,,
Prov. 14:34," exalteth a nation, while sin is a reproach to any people.", exalteth a nation: but sin is a reproach to any people.
Gal. 6:7,,
Matt. 7:2, what measure they measure to others will be measured ," what measure ye mete, it shall be measured "
Isa. 40:1-3,,
Jer. 31:1-14,,
Ezek. 20:33-44,,
D&C 5:14,,
D&C 33:5,", that in the latter days He would set His hand to call forth His Church out of the wilderness",", that this church have I established and called forth out of the wilderness"
D&C 109:73,h out of the wilderness and out of darkness,h out of the wilderness of darkness
Eph. 2:20,"t upon the foundation of truth, Christ Jesus being the chief corner","t upon the foundation of the apostles and prophets, Jesus Christ himself being the chief corner"
1 Pet. 2:6,"n the foundation of truth, Christ Jesus being the chief corner","n the scripture, Behold, I lay in Sion a chief corner"
Dan. 2:44,"but it should break in pieces and consume all these kingdoms, and it sh","but it shall break in pieces and consume all these kingdoms, and it sh"
Dan. 2:34-35,,
D&C 65:2,,
Dan. 2:44, break in pieces a, break in pieces a
Isa. 2:2-3,,
Rev. 1:9,,
Rev. 14:6-7,"Saying with a loud voice, Fear God, and give glory to him; for the hour of his judgment is come","Saying with a loud voice, Fear God, and give glory to him; for the hour of his judgment is come"
Rev. 1:9,"ord of God, and the testimony of Jesus Christ","ord of God, and for the testimony of Jesus Christ"
Rev. 6:9," were put to death in the flesh for the word of God, and the testimony "," were slain for the word of God, and for the testimony "
D&C 13:1,,
D&C 27:8, Joseph Smith. John the Baptist conferred upon him the Aaron," Joseph Smith, Jun., and Oliver Cowdery, to ordain you unto the first priesthood which you have received, that you might be called and ordained even as Aaron"
JS-H 1:68-72,,
D&C 27:12,,
John 15:19,"because the Lord has called them forth out of the world, the","because ye are not of the world, but I have chosen you out of the world, the"
Isa. 60:22,"ll become a great nation, and God will hasten it in His time","ll become a thousand, and a small one a strong nation: I the LORD will hasten it in his time"
Rom. 1:16, is the power of God unto salvation to every one that believeth-to Jew or Greek," is the power of God unto salvation to every one that believeth; to the Jew first, and also to the Greek"
D&C 84:33,"n, and the magnifying their calling, are sanctified by the Spirit unto the renewing of their bodies.","n, and the magnifying their calling, are sanctified by the Spirit unto the renewing of their bodies."
D&C 84:38-39,en unto him.  “And this is according to the oath and the covenant which belongeth to the priesthood.,en unto him.And this is according to the oath and covenant which belongeth to the priesthood.
D&C 84:41,"urneth therefrom, shall not have forgiveness of sins in this world nor in the world  [p.9a]to come.","urneth therefrom, shall not have forgiveness of sins in this world nor in the world to come."
Micah 3:11,,
Acts 19:27,,
1 Cor. 12:28,,
Eph. 2:20,,
Isa. 14:12, heavens among the spirits-from God upon his throne down to Lucifer the son of the morning," heaven, O Lucifer, son of the morning"
D&C 76:26, the heavens among the spirits-from God upon his throne down to Lucifer the son of the morning," the heavens wept over him--he was Lucifer, a son of the morning"
Jer. 25:31,nds of God if they persecute us. The Lord has a controversy with th,nds of the earth; for the LORD hath a controversy with th
Luke 21:24,", and the Jews have been trampled under the feet of the Gentiles ",", and shall be led away captive into all nations: and Jerusalem shall be trodden down of the Gentiles, until the times of the Gentiles "
Rev. 5:9,,
Rev. 8:6, the seals; the blowing of the trumpets, the seven angels which had the seven trumpets
Rev. 16:1,,
Rev. 21:9, of the seals; the blowing of the trumpets; the pouring out of the plagues, of the seven angels which had the seven vials full of the seven last plagues
Rev. 16:19,"reat Babylon comes in remembrance before God,","reat Babylon came in remembrance before God,"
Isa. 34:5-6,,
D&C 1:36," shall fall on Idumea, or the world"," shall have power over his saints, and shall reign in their midst, and shall come down in judgment upon Idumea, or the world"
Heb. 11:3, faith in that direction. As the ancients had faith; as the world was created by , faith we understand that the worlds were framed by 
Heb. 11:7,,
Gen. 6:3,d the Gospel of repentance for 120 years,"d the LORD said, My spirit shall not always strive with man, for that he also is flesh: yet his days shall be an hundred and twenty years"
Moses 8:17,,
Heb. 11:8,y faith; as Abraham went out not knowing wh,"y faith Abraham, when he was called to go out into a place which he should after receive for an inheritance, obeyed; and he went out, not knowing wh"
Deut. 20:3,"to the end. Therefore I say to the Saints, fear not. Trust in God. Let not your hearts ","to them, Hear, O Israel, ye approach this day unto battle against your enemies: let not your hearts "
D&C 103:19,"Therefore I say to the Saints, fear not. Trust in God. Let not your hearts ","Therefore, let not your hearts "
D&C 88:2,,
D&C 98:2,,
D&C 58:22," power and strength and glory, until the Millennium, until He reigns whose right it is to reign"," powers that be, until he reigns whose right it is to reign"
Hosea 8:7, reap the whirlwind, reap the whirlwind
3 Ne. 27:27,,
Luke 17:33,ll seek to save his life ,ll seek to save his life 
Eph. 4:10, descended below all things.," descended is the same also that ascended up far above all heavens, that he might fill all things."
D&C 88:6, descended below all things, descended below all things
D&C 122:8,on of the world for the sake of the truth? Jesus Himself descended below ,on of Man hath descended below 
D&C 122:8,"descended, I believe, lower than any other man will be called to descend. Are we greater than ",descended below them all. Art thou greater than 
Rev. 2:10,,
Jacob 5:62," the earth, the last time in which the Lord will prune his vineyard"," the end draweth nigh, and this is for the last time that I shall prune my vineyard"
D&C 24:19,,
2 Tim. 3:12, live godly in Christ Jesus must suffer persecution., live godly in Christ Jesus shall suffer persecution.
Eph. 4:9-10,,
D&C 88:6, descended beneath all things," descended below all things, in that he comprehended all things, that he might be in all and through all things"
Matt. 9:32-34, He cast out devils the p, He casteth out devils through the p
Matt. 12:22-24," Beelzebub, the prince of devils", Beelzebub the prince of the devils
John 9:24, the man to “give God the glory: we know this man is a sinner.," the man that was blind, and said unto him, Give God the praise: we know that this man is a sinner."
Eph. 4:9-10,,
D&C 88:6, descend below all things that he might ascend above all things," descended below all things, in that he comprehended all things, that he might be in all and through all things"
D&C 135:3,,
D&C 122:1-6,,
D&C 122:7-9,"therefore, fear not what man can do, for God shall be with you forever and ever.","therefore, fear not what man can do, for God shall be with you forever and ever."
Heb. 11:37," were sawn asunder,"," were sawn asunder,"
Rev. 1:9,,
Rev. 6:9," were sawn asunder, crucified, etc., for the word of God and testimony "," were slain for the word of God, and for the testimony "
Luke 23:34,"Father, forgive them; they know not what they do.","Father, forgive them; for they know not what they do."
Matt. 8:12," into outer darkness, where there is weeping and wailing and gnashing of teeth.", into outer darkness: there shall be weeping and gnashing of teeth.
Matt. 22:13,"o the other world, go into outer darkness, where there is weeping and wailing and gnashing of teeth.","o the servants, Bind him hand and foot, and take him away, and cast him into outer darkness; there shall be weeping and gnashing of teeth."
Matt. 25:30," into outer darkness, where there is weeping and wailing and gnashing of teeth.", into outer darkness: there shall be weeping and gnashing of teeth.
Alma 40:13,,
D&C 101:91," outer darkness, where there is weeping and wailing and gnashing of teeth."," outer darkness, where there is weeping, and wailing, and gnashing of teeth."
D&C 133:73," into outer darkness, where there is weeping and wailing and gnashing of teeth."," into outer darkness, where there is weeping, and wailing, and gnashing of teeth."
D&C 98:14-15,,
D&C 105:14, fighting our battles.," fight the battles of Zion; for, as I said in a former commandment, even so will I fulfil--I will fight your battles."
Hel. 5:12, upon the rock of Christ," upon the rock of our Redeemer, who is Christ"
D&C 6:34," earth and hell combine against us, they shall not prevail, if we are built upon "," earth and hell combine against you, for if ye are built upon "
Obad. 1:21, saviors upon Mount Zion, saviours shall come up on mount Zion
D&C 121:35, heart upon the things of this world, hearts are set so much upon the things of this world
1 Jn. 2:15," the things of this world. Any man that loves the world, the love of the Father is not in him."," the things that are in the world. If any man love the world, the love of the Father is not in him."
D&C 76:79, they were valiant in the testimony of Jesus, they who are not valiant in the testimony of Jesus
D&C 88:22," the law, and they will inherit a celestial glory.", the law of a celestial kingdom cannot abide a celestial glory.
D&C 84:33-40,"covenant of my Father, which he cannot break, neither can it be moved.","covenant of my Father, which he cannot break, neither can it be moved."
Rom. 8:17, heirs of God and joint heirs with Jesus Christ," heirs of God, and joint-heirs with Christ"
1 Cor. 2:9,"rd, neither hath it entered into our hearts to conceive the glory that is in store for the","rd, neither have entered into the heart of man, the things which God hath prepared for the"
D&C 98:14-15,,
Matt. 3:13-17,,
Matt. 3:15," for the remission of sin, but to fulfill all righteousness.", for thus it becometh us to fulfil all righteousness.
D&C 138:52-54,,
D&C 138:57,,
Obad. 1:21,,
Heb. 6:4-6,,
Matt. 12:32,"e forgiveness of sins in this world, nor in the world to come.","e forgiven him, neither in this world, neither in the world to come."
D&C 76:31-38,,
D&C 84:41,"have forgiveness of sins in this world, nor in the world to come.",have forgiveness of sins in this world nor in the world to come.
D&C 97:19,,
D&C 101:17,ll not be moved out of her place,ll not be moved out of her place
1 Ne. 14:15-16,,
D&C 45:26,,
Matt. 24:6-7," wars and rumors of wars, famines, pestilence, and earthquakes"," wars and rumours of wars: see that ye be not troubled: for all these things must come to pass, but the end is not yet.For nation shall rise against nation, and kingdom against kingdom: and there shall be famines, and pestilences, and earthquakes"
D&C 43:25,,
D&C 87:6,,
D&C 43:17-35,,
A of F 1:11," worship God according to the dictates of their own conscience,"," worshiping Almighty God according to the dictates of our own conscience,"
John 8:32,"ruth, and truth alone can make ","ruth, and the truth shall make "
Isa. 29:14, work and a wonder, work and a wonder
D&C 5:14,,
D&C 109:73,h out of the wilderness of darkness,h out of the wilderness of darkness
Eph. 2:20,t upon the foundation of Apostles and Prophets with Christ Jesus as the chief corner stone,"t upon the foundation of the apostles and prophets, Jesus Christ himself being the chief corner stone"
Rev. 14:6," preached in plainness and power to every nation, kindred, tongue and people"," preach unto them that dwell on the earth, and to every nation, and kindred, and tongue, and people"
D&C 45:69, gather a people together out of every nation under heaven, gathered unto it out of every nation under heaven
D&C 64:42, people together out of every nation under heaven," people, and there shall come unto her out of every nation under heaven"
Isa. 11:12, nation under heavens and that He will also gather the dispersed of Judah," nations, and shall assemble the outcasts of Israel, and gather together the dispersed of Judah"
Luke 21:24, trodden under the feet of the Gentiles, trodden down of the Gentiles
Gen. 2:7, breathed the breath of life, breathed into his nostrils the breath of life
Rev. 14:6, heavenly messenger to communicate to man the everlasting ," heaven, having the everlasting "
2 Thes. 2:3, that this would be done? Because the “falling away," that day shall not come, except there come a falling away"
John 21:20-24,,
Heb. 5:4,"no man taketh this honor to himself, but he that is called of God, as was Aaron","no man taketh this honour unto himself, but he that is called of God, as was Aaron"
Ex. 28:1,,
Rom. 10:14-15,,
Acts 2:38, shall receive the Holy Ghost., shall receive the gift of the Holy Ghost.
Matt. 3:13-14," baptizing in Jordan, and requested baptism of him. John ", baptized of him.But John 
Matt. 3:15,Suffer it to be so now: for thus it becometh us to fulfil all righteousness. Then he suffered him.,Suffer it to be so now: for thus it becometh us to fulfil all righteousness. Then he suffered him.
Acts 13:46, turn to the Gentiles., turn to the Gentiles.
Rom. 11:20-24,,
Rom. 11:25," happened to Israel and which, Paul said, should continue until the fulness of the Gentiles come in"," happened to Israel, until the fulness of the Gentiles be come in"
1 Cor. 12:28,"y teachers, after that miracles, then gifts of healings, helps, governments, diversities of tongues","y teachers, after that miracles, then gifts of healings, helps, governments, diversities of tongues"
Eph. 4:12-13," Christ, for the perfecting of the Saints, until all come to a perfect man in the stature of Christ"," Christ:Till we all come in the unity of the faith, and of the knowledge of the Son of God, unto a perfect man, unto the measure of the stature of the fulness of Christ"
Rev. 14:6,,
D&C 13:1,,
D&C 27:8,,
JS-H 1:68-72,d the keys of the ,d the keys of the 
D&C 27:12,,
Acts 2:38, receive the Holy Ghost, receive the gift of the Holy Ghost
Luke 2:10,to the world of mankind by our Elders who are still proclaiming these glad tidings of great joy,"to them, Fear not: for, behold, I bring you good tidings of great joy"
D&C 31:3,e glad tidings of great joy,e glad tidings of great joy
D&C 79:1, glad tidings of great joy, glad tidings of great joy
John 3:19," that men rejected it formerly, because they love darkness rather than light"," that light is come into the world, and men loved darkness rather than light"
D&C 58:22, until He shall reign whose right it is to reign, until he reigns whose right it is to reign
1 Cor. 9:16," unto me, if I preach not the "," unto me, if I preach not the "
2 Ne. 25:17,is hand to establish His Church and kingdom in the ,is hand again the 
John 15:19," were of the world, the world would love "," were of the world, the world would love "
John 15:18,"f the world, the world would love you as its own. It hated me before it hated you.","f the world hate you, ye know that it hated me before it hated you."
Dan. 2:35, the whole earth., the whole earth.
D&C 65:2,"ingdom, and it will continue to grow and increase until it shall fill the whole earth.","ingdom of God are committed unto man on the earth, and from thence shall the gospel roll forth unto the ends of the earth, as the stone which is cut out of the mountain without hands shall roll forth, until it has filled the whole earth."
John 7:17, shall know for themselves whether this work is of God," shall know of the doctrine, whether it be of God"
D&C 101:80,ed the Constitution of ,ed the Constitution of 
1 Ne. 13:12,,
1 Ne. 13:13,,
A of F 1:11, worship God according to the dictates of his own conscience, worshiping Almighty God according to the dictates of our own conscience
Luke 6:38,,
Matt. 7:2," what measure we mete, shall be measured back to us again."," what measure ye mete, it shall be measured to you again."
Matt. 23:16,,
Matt. 23:24,,
Matt. 15:14,d the result will be that both the people and their guides will fall into the ditch,"d the blind, both shall fall into the ditch"
Luke 6:39,d the result will be that both the people and their guides will fall into the ditch,d the blind? shall they not both fall into the ditch
1 Pet. 4:17-18,,
D&C 112:25-26," have said, they will commence at the House of the Lord"," have not known me, and have blasphemed against me in the midst of my house, saith the Lord"
Gal. 6:7,,
Gen. 2:7,"d the power over the whole world, over every human being who breathes the breath of life","d the LORD God formed man of the dust of the ground, and breathed into his nostrils the breath of life"
A of F 1:11, worship God according to the dictates of their own conscience, worshiping Almighty God according to the dictates of our own conscience
A of F 1:11, worship God according to the dictates of your own conscience, worshiping Almighty God according to the dictates of our own conscience
Dan. 2:44,,
Isa. 2:3,,
Jer. 3:14,,
Ezek. 48:35," and the other Prophets spoke of, and to build up that ", and the name of the city from that 
Dan. 7:9,,
Joel 2:31,"he sun may be turned to darkness, the moon to blood,","he sun shall be turned into darkness, and the moon into blood,"
D&C 29:14," the moon to blood, the stars may fall from heaven,"," the moon shall be turned into blood, and the stars shall fall from heaven,"
D&C 45:42,", the sun may be turned to darkness, the moon to blood, the stars may fall from heaven",", the sun shall be darkened, and the moon be turned into blood, and the stars fall from heaven"
Rev. 21:1, heaven and earth , heaven and a new earth: for the first heaven and the first earth 
Matt. 5:18,"nd earth itself may pass away, but not one jot or tittle ","nd earth pass, one jot or one tittle "
Matt. 24:35,"nd earth itself may pass away, but ","nd earth shall pass away, but "
Matt. 1:2,,
Luke 3:33,,
Matt. 12:24," cast out devils it was imputed to the power of Beelzebub, the prince of devils."," cast out devils, but by Beelzebub the prince of the devils."
Luke 11:15,"e cast out devils it was imputed to the power of Beelzebub, the prince of devils.",e casteth out devils through Beelzebub the chief of the devils.
John 9:24,d they said: “Give God the praise: we know that this man is a sinner.,"d they the man that was blind, and said unto him, Give God the praise: we know that this man is a sinner."
Matt. 27:50,,
Mark 15:37,d Jesus Christ to the cross where he gave up the ghost.,"d Jesus cried with a loud voice, and gave up the ghost."
Luke 23:46, Jesus Christ to the cross where he gave up the ghost.," Jesus had cried with a loud voice, he said, Father, into thy hands I commend my spirit: and having said thus, he gave up the ghost."
1 Pet. 3:19, went and preached to the spirits in prison, went and preached unto the spirits in prison
D&C 138:28,,
3 Ne. 16:1-3,,
Heb. 11:37," were sawn asunder,"," were sawn asunder,"
Luke 23:21," cried out, “Crucify him, crucify him"," cried, saying, Crucify him, crucify him"
John 18:38," him, crucify him,” and a Gentile judge had declared he could find no fault "," him, What is truth? And when he had said this, he went out again unto the Jews, and saith unto them, I find in him no fault "
Matt. 27:25,"ll they were ready to say-“All right, you let his blood be upon us and our children.","ll the people, and said, His blood be on us, and on our children."
Luke 21:24," of the Gentiles for 1,800 years, in fulfill", of the Gentiles be fulfill
Dan. 2:44,,
Rev. 14:6-7,"Saying with a loud voice, Fear God, and give glory to him; for the hour of his judgment is come","Saying with a loud voice, Fear God, and give glory to him; for the hour of his judgment is come"
Isa. 35:1,,
John 15:18-19,"e ye are not of the world, but I have chosen you out of the world, therefore the world hateth you.","e ye are not of the world, but I have chosen you out of the world, therefore the world hateth you."
Matt. 10:28, able to destroy the soul: but rather fear him which is able to destroy both soul and body in hell., able to kill the soul: but rather fear him which is able to destroy both soul and body in hell.
Matt. 5:18, one jot or tittle of the Old Book that the sectarian world believe in but will be fulfilled.," one jot or one tittle shall in no wise pass from the law, till all be fulfilled."
3 Ne. 15:6,ll be fulfilled.,ll be fulfilled.
Morm. 8:33,,
D&C 1:38,,
Isa. 54:17,er; and every tongue that shall rise against thee in judgment thou shalt condemn,er; and every tongue that shall rise against thee in judgment thou shalt condemn
Dan. 2:44, the God of heaven shall set up a kingdom which shall never be destroyed," the God of heaven set up a kingdom, which shall never be destroyed"
Dan. 2:34-35,,
D&C 65:2,,
D&C 101:80,e have a Constitution ,e have I established the Constitution 
Matt. 24:30,,
Rev. 22:1-3,,
Rev. 5:10, reign on the earth, reign on the earth
Rev. 20:4, reign on the earth a thousand years., reigned with Christ a thousand years.
1 Pet. 3:19, went to preach to the spirits in prison, went and preached unto the spirits in prison
Matt. 12:41-42,,
Luke 11:31-32,ll rise up in judgment ,ll rise up in the judgment 
D&C 135:3,n. He sealed his testimony with his blood,"n. He lived great, and he died great in the eyes of God and his people; and like most of the Lord's anointed in ancient times, has sealed his mission and his works with his own blood"
D&C 135:5,,
Ezek. 37:15-20,,
D&C 27:5, the stick of Joseph in the hands of Ephraim, the stick of Ephraim
Gen. 11:1-9,,
Ether 1:33-43,,
3 Ne. 11:1-12,,
Matt. 5:18, heavens and earth pass away not one jot or tittle will ever fall unfulfilled.," heaven and earth pass, one jot or one tittle shall in no wise pass from the law, till all be fulfilled."
Matt. 24:35, and earth pass away, and earth shall pass away
D&C 1:38,; and though the heavens and ,; and though the heavens and 
D&C 76:1-119,,
D&C 76:28, commanded to write while in the vision, commanded us that we should write the vision
D&C 76:49, the visions of heaven they were commanded to write while in the vision," the vision, for lo, this is the end of the vision"
D&C 76:80, the visions of heaven they were commanded to write while in the ," the vision which we saw of the terrestrial, that the Lord commanded us to write while we were yet in the "
D&C 76:113, the visions of heaven they were commanded to write while in the ," the vision which we saw, which we were commanded to write while we were yet in the "
2 Cor. 12:1-4,,
JS-H 1:33,,
D&C 27:12,,
Gen. 32:30,"d the Apostles, it was not particularly a vision which he had; he talked with them face to face",d the name of the place Peniel: for I have seen God face to face
Ex. 33:11,,
Ether 12:39,,
Moses 1:2, he talked with , he talked with 
Moses 7:4,,
2 Cor. 12:2-3,,
Joel 2:31,he sun darkened; I saw the moon become as blood,"he sun shall be turned into darkness, and the moon into blood"
Rev. 6:12-13,,
D&C 29:14,before me. I saw the sun darkened,before this great day shall come the sun shall be darkened
D&C 34:9,,
D&C 88:87,,
Zech. 4:2,,
Rev. 4:5,,
Matt. 2:13-23,"take the young child Jesus and his mother into Egypt, and thus he was saved from the wrath of Herod","take the young child and his mother, and flee into Egypt, and be thou there until I bring thee word: for Herod will seek the young child to destroy him.When he arose, he took the young child and his mother by night, and departed into Egypt:And was there until the death of Herod: that it might be fulfilled which was spoken of the Lord by the prophet, saying, Out of Egypt have I called my son.Then Herod, when he saw that he was mocked of the wise men, was exceeding wroth, and sent forth, and slew all the children that were in Bethlehem, and in all the coasts thereof, from two years old and under, according to the time which he had diligently enquired of the wise men.Then was fulfilled that which was spoken by Jeremy the prophet, saying,In Rama was there a voice heard, lamentation, and weeping, and great mourning, Rachel weeping for her children, and would not be comforted, because they are not.But when Herod was dead, behold, an angel of the Lord appeareth in a dream to Joseph in Egypt,Saying, Arise, and take the young child and his mother, and go into the land of Israel: for they are dead which sought the young child's life.And he arose, and took the young child and his mother, and came into the land of Israel.But when he heard that Archelaus did reign in Judaea in the room of his father Herod"
Ex. 19:6, a kingdom of Priests, a kingdom of priests
D&C 138:57,,
D&C 121:35,"r hearts upon the things of this world,","r hearts are set so much upon the things of this world,"
Eph. 6:11-14,,
D&C 27:15,d gird up our loins and put on the whole armor,"d gird up your loins, and take upon you my whole armor"
Jer. 1:5,"hou camest forth out of the womb I sanctified thee, and I ordained thee a prophet unto the nations.","hou camest forth out of the womb I sanctified thee, and I ordained thee a prophet unto the nations."
Dan. 2:44,,
Isa. 54:17,,
D&C 71:9,he Lord has said he will break in pieces every weapon that is raised against ,he Lord unto you--there is no weapon that is formed against 
D&C 109:25, weapon that is raised against , weapon formed against 
John 6:68, the words of eternal life, the words of eternal life
Matt. 12:41-42,,
Luke 11:31-32,,
3 Ne. 28:34,,
Moro. 10:27,,
D&C 27:2,,
1 Cor. 11:23-25, the Lord Jesus , the Lord Jesus 
Gen. 2:7, of the world and had control of every human being that [p.169b] breathes the breath of life," of the dust of the ground, and breathed into his nostrils the breath of life"
A of F 1:11," worship God according to the dictates of their own conscience,"," worshiping Almighty God according to the dictates of our own conscience,"
Eph. 2:20," the ancient pattern with Apostles and Prophets, Christ Jesus being the chief corner stone"," the apostles and prophets, Jesus Christ himself being the chief corner stone"
A of F 1:11, worship God according to the dictates of their own conscience, worshiping Almighty God according to the dictates of our own conscience
Rev. 14:6, angel from heaven, angel fly in the midst of heaven
John 10:16,"hem also I must bring, and they shall hear my voice; and there shall be one fold, and one shepherd.","hem also I must bring, and they shall hear my voice; and there shall be one fold, and one shepherd."
3 Ne. 16:1-3,,
3 Ne. 17:4, tribes of Israel, tribes of Israel
Ezek. 37:15-20," Judah in the hands of Judah, and the Book of Mormon the Stick of Joseph in the hands of Ephraim"," Judah, and for the children of Israel his companions: then take another stick, and write upon it, For Joseph, the stick of Ephraim, and for all the house of Israel his companions:And join them one to another into one stick; and they shall become one in thine hand.And when the children of thy people shall speak unto thee, saying, Wilt thou not shew us what thou meanest by these?Say unto them, Thus saith the Lord GOD; Behold, I will take the stick of Joseph, which is in the hand of Ephraim"
Gal. 1:8,"n, preach any other gospel unto you than that which we have preached unto you, let him be accursed.","n, preach any other gospel unto you than that which we have preached unto you, let him be accursed."
Rev. 14:6,"preach unto them that dwell on the earth, and to every nation, and kindred, and tongue, and people,","preach unto them that dwell on the earth, and to every nation, and kindred, and tongue, and people,"
Gal. 1:12," receive his power from man, but from the revelations of Jesus Christ."," received it of man, neither was I taught it, but by the revelation of Jesus Christ."
John 3:5, enter into the kingdom of , enter into the kingdom of 
D&C 42:17, of the Father and of the Son., of the Father and of the Son.
Moses 1:24," Ghost, it will be unto us as a principle of revelation, a testimony of the Father and of the Son"," Ghost, which beareth record of the Father and the Son"
1 Cor. 12:12-27,,
1 Cor. 12:25,hat there may be no schism,hat there should be no schism
Eph. 4:11-12,"aints, for the work of the ministry, for the edifying of the body of Christ","aints, for the work of the ministry, for the edifying of the body of Christ"
2 Pet. 1:20, that the prophecies of the scriptures are of no private interpretation, that no prophecy of the scripture is of any private interpretation
2 Ne. 5:21,,
Luke 21:24," Jerusalem should be trodden down of the Gentiles, until the times of the Gentiles be fulfilled."," Jerusalem shall be trodden down of the Gentiles, until the times of the Gentiles be fulfilled."
"Luke 23:4,14",,
John 18:38,Pilate was ready to release Jesus because he found no fault ,"Pilate saith unto him, What is truth? And when he had said this, he went out again unto the Jews, and saith unto them, I find in him no fault "
"John 19:4,6",,
John 19:12,,
Luke 23:21,"hey cried out, “Crucify him, crucify him","hey cried, saying, Crucify him, crucify him"
Matt. 27:25,"is blood be upon us, and our children.","is blood be on us, and on our children."
Gen. 49:10, until Shiloh come, until Shiloh come
Gen. 50:24,,
Rom. 11:20,,
Heb. 4:11, lest they fell through the same example of unbelief., lest any man fall after the same example of unbelief.
Rom. 3:3, unbelief of the world does not make the work of the Lord of non-effect, unbelief make the faith of God without effect
Matt. 24:37, the days of Noah and Lot so shall it be at the coming of the Son of ," the days of Noe were, so shall also the coming of the Son of "
Dan. 2:44,,
D&C 88:88-90,,
D&C 87:1-8,,
D&C 130:12-13,,
Matt. 24:30, power and great glory., power and great glory.
D&C 29:11, power and great glory, power and great glory
Matt. 28:19,,
Isa. 60:2,arkness covers the earth and gross darkness the people,"arkness shall cover the earth, and gross darkness the people"
D&C 63:32,he Lord is withdrawing His Spirit from the nations of the earth,"he Lord, am angry with the wicked; I am holding my Spirit from the inhabitants of the earth"
D&C 1:35,,
Gal. 6:7,"hatsoever a man soweth, that shall he also reap.","hatsoever a man soweth, that shall he also reap."
Matt. 7:2," shall he also reap.” “With what measure ye mete, it shall be measured to you"," shall be judged: and with what measure ye mete, it shall be measured to you"
Isa. 11:9, the earth like the waters ," the earth shall be full of the knowledge of the LORD, as the waters "
Isa. 13:10, the sun and the moon ," the sun shall be darkened in his going forth, and the moon "
Joel 2:10, the sun and the moon will be dark, the sun and the moon shall be dark
Joel 3:15,he sun and the moon will be darkened,he sun and the moon shall be darkened
Matt. 24:29, the sun and the moon will be ," the sun be darkened, and the moon shall not give her light, and the stars shall fall from heaven, and the powers of the heavens shall be "
D&C 29:14,,
D&C 101:80,,
Dan. 3:1-30, Nebuchadnezzar , Nebuchadnezzar 
Dan. 6:1-28,,
Jonah 1:1-17,,
Jonah 2:1-10,,
Rev. 1:9," tribulation they were called to pass through for the word of God, and the testimony of Jesus"," tribulation, and in the kingdom and patience of Jesus Christ, was in the isle that is called Patmos, for the word of God, and for the testimony of Jesus"
Rev. 6:9," were called to pass through for the word of God, and the testimony "," were slain for the word of God, and for the testimony "
2 Pet. 1:21,y men who have spoken as they were moved upon by the Holy Ghost,y men of God spake as they were moved by the Holy Ghost
Matt. 5:18," heavens and the earth pass away, not one jot or tittle which will fall unfulfilled."," heaven and earth pass, one jot or one tittle shall in no wise pass from the law, till all be fulfilled."
Matt. 24:35," earth pass away, "," earth shall pass away, "
D&C 1:38,,
D&C 76:1-119,,
Isa. 54:17,,
Isa. 52:10,,
Matt. 24:30,,
Matt. 10:28," kill the body, but fear God who hath power to cast both body and soul into hell."," kill the body, but are not able to kill the soul: but rather fear him which is able to destroy both soul and body in hell."
Heb. 11:40, that they are not neither can they be made perfect, that they without us should not be made perfect
"D&C 128:15,18",,
Ps. 19:13,"ve dominion over me: then shall I be upright, and I shall be innocent from the great transgression.","ve dominion over me: then shall I be upright, and I shall be innocent from the great transgression."
Dan. 3:1-30, Nebuchadnezzar , Nebuchadnezzar 
Dan. 6:1-28,,
Jonah 1:1-17,,
Jonah 2:1-10,,
Rev. 1:9," tribulation they were called to pass through for the word of God, and the testimony of Jesus"," tribulation, and in the kingdom and patience of Jesus Christ, was in the isle that is called Patmos, for the word of God, and for the testimony of Jesus"
Rev. 6:9," were called to pass through for the word of God, and the testimony "," were slain for the word of God, and for the testimony "
2 Pet. 1:21,y men who have spoken as they were moved upon by the Holy Ghost,y men of God spake as they were moved by the Holy Ghost
Matt. 5:18," heavens and the earth pass away, not one jot or tittle which will fall unfulfilled."," heaven and earth pass, one jot or one tittle shall in no wise pass from the law, till all be fulfilled."
Matt. 24:35," earth pass away, "," earth shall pass away, "
D&C 1:38,,
D&C 76:1-119,,
Isa. 54:17,,
Isa. 52:10,,
Matt. 24:30,,
Matt. 10:28," kill the body, but fear God who hath power to cast both body and soul into hell."," kill the body, but are not able to kill the soul: but rather fear him which is able to destroy both soul and body in hell."
Heb. 11:40, that they are not neither can they be made perfect, that they without us should not be made perfect
"D&C 128:15,18",,
Ps. 19:13,"ve dominion over me: then shall I be upright, and I shall be innocent from the great transgression.","ve dominion over me: then shall I be upright, and I shall be innocent from the great transgression."
D&C 68:7,,
D&C 68:1,,
D&C 68:3, they should speak as they were moved upon by the Holy Ghost, they shall speak as they are moved upon by the Holy Ghost
D&C 42:14," Spirit to direct them, they were told not to teach.", Spirit shall be given unto you by the prayer of faith; and if ye receive not the Spirit ye shall not teach.
D&C 68:4,,
D&C 107:2-4,,
2 Pet. 1:8, be barren or unfruitful, be barren nor unfruitful
Num. 11:29, would to God that all were prophets, would God that all the LORD's people were prophets
Rev. 19:10,,
1 Kgs. 19:12, still small voice, still small voice
1 Ne. 17:45,,
D&C 85:6, the still small voice, the still small voice
Isa. 8:16, up the testimony, up the testimony
Dan. 2:35, the whole earth., the whole earth.
D&C 65:2,"n the earth, which is destined to become a great kingdom and fill the whole earth.","n the earth, and from thence shall the gospel roll forth unto the ends of the earth, as the stone which is cut out of the mountain without hands shall roll forth, until it has filled the whole earth."
D&C 109:72, become a great , become a great 
Matt. 5:15," light is not under a bushel,"," light a candle, and put it under a bushel,"
Luke 11:33," light is not under a bushel,"," lighted a candle, putteth it in a secret place, neither under a bushel,"
Deut. 28:25,,
Deut. 28:15-68,,
Deut. 29:18-29,,
Isa. 53:3,,
Deut. 28:64,,
Amos 9:9,", and then they would be scattered as corn is sifted in a sieve,",", and I will sift the house of Israel among all nations, like as corn is sifted in a sieve,"
Deut. 30:3-4,,
Gen. 49:10," shall rebuild, your temple and city, and you shall be delivered by Shiloh "," shall not depart from Judah, nor a lawgiver from between his feet, until Shiloh "
Gen. 50:24,", and you shall rebuild, your temple and city, and ",", and bring you out of this land unto the land which he sware to Abraham, to Isaac, and "
D&C 133:26-30,"; and their records, and ","; and their prophets shall hear his voice, and "
Isa. 42:7,", and the feelings of the millions of the human family who are shut up in their prison house",", and them that sit in darkness out of the prison house"
Dan. 2:44,,
Matt. 24:30,,
Isa. 49:13-15,"hould not have compassion on the son of her womb? yea, they may forget, yet will I not forget thee.","hould not have compassion on the son of her womb? yea, they may forget, yet will I not forget thee."
3 Ne. 29:2, of the Lord all things spoken by the prophets will be literally fulfilled," of the Lord, which have been spoken by the holy prophets, shall all be fulfilled"
3 Ne. 11:29,,
Mosiah 27:9,,
Matt. 12:25,", and we certainly should not divide one against ",", and said unto them, Every kingdom divided against "
Jer. 1:4-5,,
D&C 135:3,,
D&C 121:1-46,,
D&C 122:1-9,,
D&C 123:1-17,,
Gen. 18:23,,
D&C 124:123,,
D&C 84:42,,
D&C 121:34-40,,
Luke 14:5, ox falls into a pit get him out," ox fallen into a pit, and will not straightway pull him out"
Ex. 20:8,,
Heb. 12:23," heavenly Father, and the heavenly hosts, and the justified spirits made perfect,"," heaven, and to God the Judge of all, and to the spirits of just men made perfect,"
Ex. 19:6," a kingdom of priests,"," a kingdom of priests,"
Isa. 54:17,,
Isa. 49:13,"nging, O mountains: for the Lord hath comforted his people, and will have mercy upon his afflicted.","nging, O mountains: for the LORD hath comforted his people, and will have mercy upon his afflicted."
Isa. 49:15," have compassion on the son of her womb? yea, they  [p.192a]may forget, yet will I not forget thee."," have compassion on the son of her womb? yea, they may forget, yet will I not forget thee."
Isa. 54:17,,
Dan. 2:44,,
Dan. 2:45,,
Dan. 2:34-35,,
D&C 65:2,,
John 15:19,the work of God. Why? Because we have been chosen out of the world and therefore the world hate,"the world, the world would love his own: but because ye are not of the world, but I have chosen you out of the world, therefore the world hate"
Luke 22:35, without purse or scrip," without purse, and scrip"
D&C 24:18,,
"D&C 84:78,86",,
1 Cor. 1:27, of the world. The Lord Almighty chose the weak things of this world, of the world to confound the wise; and God hath chosen the weak things of the world
D&C 1:19,he weak things of this world,he weak things of the world
D&C 35:13, the weak things of this world, the weak things of the world
D&C 124:1,,
D&C 133:59, the weak things of th, the weak things of th
JS-H 1:30-54,,
JS-H 1:68-72,,
JS-H 1:16-20,,
D&C 27:12,,
D&C 110:1-16,,
Ps. 40:2,,
Isa. 51:1, the hand of God. From out of the pit , the hole of the pit 
Isa. 54:17,,
D&C 90:36-37,,
D&C 103:13,,
D&C 135:3,,
Heb. 9:16-17, of the testator, of the testator
D&C 63:33, decreed that the wicked shall slay the wicked," decreed wars upon the face of the earth, and the wicked shall slay the wicked"
D&C 63:33, upon to slay the wicked. The wicked will slay the wicked," upon the face of the earth, and the wicked shall slay the wicked"
Ezek. 13:1-23,,
3 Ne. 19:1-36,,
3 Ne. 20:1-46,,
3 Ne. 21:1-29,,
3 Ne. 22:1-17,,
3 Ne. 23:1-14,,
3 Ne. 24:1-18,,
3 Ne. 25:1-6,,
3 Ne. 26:1-5,,
Matt. 24:36-37, of the earth. The Lord did not [p.195b] reveal the day of the coming of the Son of ," of that day and hour knoweth no man, no, not the angels of heaven, but my Father only.But as the days of Noe were, so shall also the coming of the Son of "
D&C 84:2-5,,
John 15:26, the Father and the S," the Father, even the S"
3 Ne. 28:11," the Holy Ghost, the testimony of the Father and ", the Holy Ghost beareth record of the Father and 
D&C 20:27," the Holy Ghost, the testimony of the Father and the Son"," the Holy Ghost, which beareth record of the Father and of the Son"
D&C 42:17,", the testimony of the Father and the Son.",", the Comforter knoweth all things, and beareth record of the Father and of the Son."
Moses 1:24,"Ghost, the testimony of the Father and the Son","Ghost, which beareth record of the Father and the Son"
1 Kgs. 19:12, still small voice., still small voice.
D&C 85:6,the still small voice,the still small voice
Gal. 1:12, the revelations of Jesus Christ, the revelation of Jesus Christ
1 Kgs. 19:12, still small voice, still small voice
D&C 85:6, the still small voice, the still small voice
D&C 103:13,,
D&C 101:75,,
Dan. 2:44,,
Isa. 52:1, put on her beautiful garments," put on thy strength, O Zion; put on thy beautiful garments"
Moro. 10:31,,
D&C 82:14, increase. Zion will arise and put on her beautiful garments.," increase in beauty, and in holiness; her borders must be enlarged; her stakes must be strengthened; yea, verily I say unto you, Zion must arise and put on her beautiful garments."
D&C 113:7-8,,
Matt. 26:41,,
Luke 21:36,,
Alma 13:28,,
D&C 88:105,ll sound the sixth ,"ll sound his trump, which is the sixth "
D&C 130:5,,
Ezek. 12:21-28,,
Heb. 7:3, without beginning of days or end of ," without mother, without descent, having neither beginning of days, nor end of "
"Alma 13:7,9",,
D&C 84:17," priesthood, which is without beginning of days or end of years."," priesthood continueth in the church of God in all generations, and is without beginning of days or end of years."
Moses 1:3, without beginning of days or end of years, without beginning of days or end of years
Heb. 5:4, is called of God as was Aaron," is called of God, as was Aaron"
Ezek. 9:1-11,,
Ezek. 14:1-23,,
Ezek. 33:1-33,,
Eph. 1:10," dispensation, the fulness of times", dispensation of the fulness of times
Dan. 2:44-45,,
Ezek. 37:15-20, the stick of Judah as well as in the stick of J," the stick of Joseph, which is in the hand of Ephraim, and the tribes of Israel his fellows, and will put them with him, even with the stick of J"
Heb. 12:23," heavenly hosts, before all justified spirits made perfect"," heaven, and to God the Judge of all, and to the spirits of just men made perfect"
D&C 76:69,"re the heavenly hosts, before all justified spirits made perfect",re they who are just men made perfect
D&C 129:3, spirits made perfect, spirits of just men made perfect
2 Ne. 28:21,,
Isa. 2:2,that the mountain of the Lord's house shall be established in the tops of the mountains,that the mountain of the LORD's house shall be established in the top of the mountains
Gen. 49:26,,
D&C 98:14," things, whether we would abide in his covenant even unto death, that we might be found worthy."," things, whether you will abide in my covenant, even unto death, that you may be found worthy."
D&C 135:3,,
D&C 135:5,,
Heb. 9:16-17,,
D&C 1:38,,
Matt. 24:37, the days of Noah so shall also the coming of the Son of Man be.," the days of Noe were, so shall also the coming of the Son of man be."
Isa. 62:6, watchmen upon the walls, watchmen upon thy walls
D&C 84:85,,
Isa. 60:2, darkness covers the whole earth and gross darkness the people," darkness shall cover the earth, and gross darkness the people"
Matt. 24:30, in the clouds of heaven with power and great glory., in the clouds of heaven with power and great glory.
3 Ne. 19:1-36,,
3 Ne. 20:1-46,,
3 Ne. 21:1-29,,
3 Ne. 22:1-17,,
3 Ne. 23:1-14,,
3 Ne. 24:1-18,,
3 Ne. 25:1-6,,
3 Ne. 26:1-5,,
2 Pet. 1:20-21,not in old time by the will of man: but holy men of God spake as they were moved by the Holy Ghost.,not in old time by the will of man: but holy men of God spake as they were moved by the Holy Ghost.
Isa. 29:14, proceed to do a marvelous work a, proceed to do a marvellous work a
JS-H 1:17,,
D&C 13:1,,
D&C 27:8,,
JS-H 1:68-72,,
Matt. 14:10,,
D&C 27:12,,
Rev. 6:9, were also put to death for the word and testimony ," were slain for the word of God, and for the testimony "
1 Cor. 12:28," apostles, prophets, teachers, gifts, helps, governments,"," apostles, secondarily prophets, thirdly teachers, after that miracles, then gifts of healings, helps, governments,"
D&C 35:6," baptism for the remission of sins, the laying of hands for the reception of the Holy Ghost"," baptize by water, and they shall receive the Holy Ghost"
D&C 49:13-14,,
D&C 53:3," remission of sins, the laying of hands for the reception of the Holy "," remission of sins, according to my word, and the reception of the Holy "
D&C 1:30,,
Dan. 2:44,,
Dan. 2:35, the whole earth., the whole earth.
D&C 65:2,"ingdom that Daniel saw, and it will continue to roll forth until it fills the whole earth.","ingdom of God are committed unto man on the earth, and from thence shall the gospel roll forth unto the ends of the earth, as the stone which is cut out of the mountain without hands shall roll forth, until it has filled the whole earth."
Isa. 60:12, the nation and kingdom that will not serve him shall perish and be utterly wasted," the nation and kingdom that will not serve thee shall perish; yea, those nations shall be utterly wasted"
Rev. 12:4,,
Isa. 14:12," heavenly host was cast down to the earth with Lucifer, son of the morning"," heaven, O Lucifer, son of the morning"
Rev. 13:7, to overthrow all the Saints and t," to overcome them: and power was given him over all kindreds, and t"
D&C 76:29,,
Matt. 4:1-10, the Saints and the kingdom of God. They even tried to overthrow Jesus ," the Son of God, command that these stones be made bread.But he answered and said, It is written, Man shall not live by bread alone, but by every word that proceedeth out of the mouth of God.Then the devil taketh him up into the holy city, and setteth him on a pinnacle of the temple,And saith unto him, If thou be the Son of God, cast thyself down: for it is written, He shall give his angels charge concerning thee: and in their hands they shall bear thee up, lest at any time thou dash thy foot against a stone.Jesus said unto him, It is written again, Thou shalt not tempt the Lord thy God.Again, the devil taketh him up into an exceeding high mountain, and sheweth him all the kingdoms of the world, and the glory of them;And saith unto him, All these things will I give thee, if thou wilt fall down and worship me.Then saith Jesus "
John 13:27,,
D&C 109:24,", and they have succeeded in overthrowing a good many Latter-day Saints, who had a name and standing",", and honorably hold a name and standing"
D&C 121:37,,
Rev. 2:10,,
D&C 135:3,,
D&C 136:39," death, whether called to seal their testimony with their blood", death; but it was needful that he should seal his testimony with his blood
Matt. 25:1-12,"s, saying, Lord, Lord, open to us. But he answered and said, Verily I say unto you, I know you not.","s, saying, Lord, Lord, open to us.But he answered and said, Verily I say unto you, I know you not."
D&C 45:56-57,,
Gen. 25:34, and women who will not sell their birthright, and went his way: thus Esau despised his birthright
3 Ne. 27:32,,
D&C 76:79,hese are those that will be valiant in the testimony of Jesus,hese are they who are not valiant in the testimony of Jesus
Matt. 25:7,,
D&C 33:17,,
D&C 1:38,,
D&C 29:30,,
Matt. 24:33,,
Mark 13:24-29,,
D&C 110:16," the Lord lives, his word will be fulfilled. The coming of Jesus is nigh at the door"," the Lord is near, even at the door"
Ezek. 14:14," were in the land, they could not do more than deliver their own souls by their righteousness"," were in it, they should deliver but their own souls by their righteousness"
Ezek. 33:12,,
Dan. 6:1-28, the Medes and Persians, the Medes and Persians
Isa. 3:1-8,,
Jer. 7:34,,
Jer. 26:18,,
D&C 87:6,,
JS-H 1:45,,
D&C 135:3,,
Job 1:21,,
2 Cor. 5:10," appear in the presence of God, and there receive our reward for the deeds done in ", appear before the judgment seat of Christ; that every one may receive the things done in 
John 9:4,,
Heb. 11:1-40,,
James 1:5-6,,
D&C 8:11,,
Heb. 11:7,,
Heb. 9:16-17,"he testator is dead, but his testament is in force ",he testator.For a testament is of force 
Isa. 55:1, without money and without , without money and without 
D&C 63:37,,
2 Cor. 5:7, walk by faith and not by sight," walk by faith, not by sight"
Rev. 1:1,"tion of the world, and foretell what must shortly ","tion of Jesus Christ, which God gave unto him, to shew unto his servants things which must shortly "
2 Pet. 1:21, of mankind. These predictions were uttered by holy men as they were moved upon by the Holy Ghost, of man: but holy men of God spake as they were moved by the Holy Ghost
Matt. 5:18, one jot or tittle of their words will fail in their fulfill," one jot or one tittle shall in no wise pass from the law, till all be fulfill"
Gen. 49:10,,
Gen. 50:24,,
Isa. 53:3," a man who should know sorrow, and who should be acquainted with grief"," a man of sorrows, and acquainted with grief"
Ex. 28:30,,
Ex. 28:4,,
Luke 21:24, of the Gentiles , of the Gentiles 
Deut. 28:15-68,,
Jer. 50:1-3,,
Jer. 51:1-64,,
Rev. 18:21,,
2 Cor. 5:10,e judged according to th,"e judgment seat of Christ; that every one may receive the things done in his body, according to th"
Gen. 49:26,,
Isa. 35:1,; and his seed have yet to make this western desert to blossom as the rose,"; and the desert shall rejoice, and blossom as the rose"
Isa. 60:13,"the fir tree, the pine tree, and the box together, to beautify the place of my sanctuary","the fir tree, the pine tree, and the box together, to beautify the place of my sanctuary"
Isa. 52:1, put on her beautiful garments," put on thy strength, O Zion; put on thy beautiful garments"
Moro. 10:31,,
D&C 82:14," Zion so often spoken of in holy writ, has got to arise and put on her beautiful garments"," Zion must increase in beauty, and in holiness; her borders must be enlarged; her stakes must be strengthened; yea, verily I say unto you, Zion must arise and put on her beautiful garments"
Isa. 60:3,"the Gentiles shall come to thy light, and kings to the brightness of thy rising.","the Gentiles shall come to thy light, and kings to the brightness of thy rising."
D&C 109:45," by the preaching of the servant of God, and his judgments"," by the mouth of thy prophets terrible things concerning the wicked, in the last days--that thou wilt pour out thy judgments"
Rev. 16:1-21,,
1 Cor. 12:28," prophets, apostles, pastors, teachers, helps and government"," prophets, thirdly teachers, after that miracles, then gifts of healings, helps, government"
Eph. 4:11,", apostles, pastors, teachers",", apostles; and some, prophets; and some, evangelists; and some, pastors and teachers"
Heb. 13:8," the same yesterday, today, and for"," the same yesterday, and to day, and for"
Morm. 9:9," is the same yesterday, today, and forever,"," is the same yesterday, today, and forever,"
D&C 20:12," is the same yesterday, today, and forever"," is the same God yesterday, today,and forever"
Rom. 6:4," buried in water, by one having authority of God, that you may rise in newness of life"," buried with him by baptism into death: that like as Christ was raised up from the dead by the glory of the Father, even so we also should walk in newness of life"
A of F 1:4,aying on of hands,aying on of hands
D&C 33:15, by the laying on of , by the laying on of 
John 3:5,"e born of the water and the Spirit, you can enter into the Kingdom of God","e born of water and of the Spirit, he cannot enter into the kingdom of God"
John 3:3,"nto the Kingdom of God, and being born of the Spirit, you can see the Kingdom of God.","nto thee, Except a man be born again, he cannot see the kingdom of God."
D&C 20:27, the Holy Ghost never deceives anybody. It bears record of the Father and the Son," the Holy Ghost, which beareth record of the Father and of the Son"
Moses 1:24,,
1 Cor. 12:28," apostles, pastors, teachers, helps and governments"," apostles, secondarily prophets, thirdly teachers, after that miracles, then gifts of healings, helps, governments"
Eph. 4:11," prophets and apostles, pastors, teachers"," prophets; and some, evangelists; and some, pastors and teachers"
D&C 84:19-21,,
Heb. 5:4,"his holy house, neither has any man a right to that Priesthood save he be called of God as was Aaron","his honour unto himself, but he that is called of God, as was Aaron"
Ex. 28:1,,
Heb. 7:3,"Without father, without mother, without descent, having neither beginning of days, nor end of life","Without father, without mother, without descent, having neither beginning of days, nor end of life"
2 Cor. 2:16, the savor of life unto life, the savour of death unto death; and to the other the savour of life unto life
Mark 16:16,,
Luke 7:30, rejected Him who sent them and consequently brought upon themselves, rejected the counsel of God against themselves
3 Ne. 28:34,,
D&C 49:5,,
D&C 99:4," rejecting them, rejected Him who sent them", rejecteth you shall be rejected of my Father and his house; and you shall cleanse your feet in the secret places by the way for a testimony against them
John 3:19, come into the world; but men love darkness rather than light because their deeds are evil.," come into the world, and men loved darkness rather than light, because their deeds were evil."
Dan. 2:44,,
Isa. 2:2-4,,
Eph. 1:10, gather together all things which are in heaven and on earth which are ," gather together in one all things in Christ, both which are in heaven, and which are "
Matt. 24:33, is near at the door," is near, even at the door"
D&C 110:16," of the Son of Man, which is near at the door"," of the Lord is near, even at the door"
Matt. 24:36,,
D&C 49:7,t the door. No man knows the day or the ,"t the hour and the day no man knoweth, neither the "
Matt. 24:32,,
Luke 21:29-31,,
D&C 35:16,,
Rev. 16:19,", and great  [p.361a]changes are near at hand. Great Babylon is coming in remembrance before God,",", and the cities of the nations fell: and great Babylon came in remembrance before God,"
Matt. 12:39,ed and an adulterous generation,"ed and said unto them, An evil and adulterous generation"
Matt. 16:4, wicked and an adulterous generation, wicked and adulterous generation
Moses 7:48,,
Rev. 14:15,,
Rev. 15:6,,
Rev. 16:1,emple for the time to come when they will be called upon to go forth and reap down the earth.,"emple saying to the seven angels, Go your ways, and pour out the vials of the wrath of God upon the earth."
D&C 38:12,,
D&C 86:5, forth and reap down the , forth to reap down the 
Isa. 66:16," all flesh, and as the prophet has said respecting this event, “the slain of the Lord will be many", all flesh: and the slain of the LORD shall be many
Matt. 24:44,,
D&C 45:2,ll overtake the world in an hour when ,ll overtake you; in an hour when 
1 Thes. 5:3,"r when they expect them not, when they ","r when they shall say, Peace and safety; then sudden destruction cometh upon them, as travail upon a woman with child; and they "
Morm. 4:5,,
3 Ne. 17:3,,
2 Cor. 5:10,e judged according to th,"e judgment seat of Christ; that every one may receive the things done in his body, according to th"
Eph. 1:21,,
2 Tim. 2:19, the name of Christ, the name of Christ
Mosiah 18:29," walk uprightly before God,"," walk uprightly before God,"
Matt. 13:22, the cares and things of this world to choke ," the care of this world, and the deceitfulness of riches, choke "
Heb. 6:5," have “tasted the good word of God, and the powers of the world to come"," have tasted the good word of God, and the powers of the world to come"
Luke 12:47,"'s will,” and if we do it not we will be “beaten with many stripes.","'s will, and prepared not himself, neither did according to his will, shall be beaten with many stripes."
Matt. 3:13,to Jordan to be baptized of ,"to Jordan unto John, to be baptized of "
Matt. 3:15, to be baptized of John? To fulfil all righteousness., to be so now: for thus it becometh us to fulfil all righteousness.
John 3:5, enter into the kingdom of God, enter into the kingdom of God
John 14:6,Jesus performed that act that he might set the example; he was the way,"Jesus saith unto him, I am the way"
Matt. 21:51-52,,
Acts 2:38, receive the Holy Ghost, receive the gift of the Holy Ghost
D&C 76:112," where God and Christ dwell, worlds without end"," where God and Christ dwell they cannot come, worlds without end"
Moses 7:20,,
Isa. 60:12," kingdom that will not serve thee shall perish; yea, those nations shall be utterly wasted."," kingdom that will not serve thee shall perish; yea, those nations shall be utterly wasted."
D&C 27:12,,
D&C 110:11,,
D&C 110:13-16,,
D&C 110:15,"turn the hearts of the fathers to the children, and the heart of the children to the fathers,","turn the hearts of the fathers to the children, and the children to the fathers,"
Mal. 4:6,"rt of the children to the fathers,","rt of the children to their fathers,"
D&C 13:1,,
D&C 27:8,,
JS-H 1:68-72,d the keys of the Aaronic Priesthood ,d the keys of the Priesthood 
D&C 135:3,,
1 Ne. 10:19,,
D&C 3:2,,
D&C 35:1, one eternal round, one eternal round
Isa. 2:2, of the mountains, of the mountains
Dan. 2:44,,
D&C 87:1-8,,
D&C 130:12-13,,
Isa. 61:10,,
D&C 109:74,,
D&C 133:10,,
1 Cor. 15:22,"n Adam all died, so in Christ shall all be made alive.","n Adam all die, even so in Christ shall all be made alive."
Isa. 66:8,,
1 Thes. 5:2,selves for that event when Jesus shall come as a thief in the night.,selves know perfectly that the day of the Lord so cometh as a thief in the night.
2 Pet. 3:10,,
D&C 106:4, as a thief in the night, as a thief in the night
Rom. 1:16,med of the gospel of Christ: for it is the power of God unto salvation to every one that believeth,med of the gospel of Christ: for it is the power of God unto salvation to every one that believeth
2 Pet. 1:21,t holy men of old wrote and spoke as they were moved upon by the Holy Ghost,t holy men of God spake as they were moved by the Holy Ghost
2 Pet. 1:20,that no prophecy of the scripture is of any private interpretation.,that no prophecy of the scripture is of any private interpretation.
D&C 1:38,,
D&C 68:4," they are moved upon by the Holy Ghost, it is all the same, the mind and will of God"," they shall speak when moved upon by the Holy Ghost shall be scripture, shall be the will of the Lord, shall be the mind of the Lord, shall be the word of the Lord, shall be the voice of the Lord, and the power of God"
Matt. 24:35," earth pass away, my words "," earth shall pass away, but my words "
D&C 56:11,"though the heavens and the earth pass away, my words would not fall unfulfilled.","though the heaven and the earth pass away, these words shall not pass away, but shall be fulfilled."
Ezek. 37:15-20,,
Ps. 102:13, the set time has come," the set time, is come"
D&C 124:6, the set time has come for him to favor , the set time has come to favor 
1 Cor. 1:27," chose the weak things of the earth, and them he will use to confound the ", chosen the foolish things of the world to confound the wise; and God hath chosen the weak things of the world to confound the 
D&C 133:58," the weak things of the earth, and the"," the weak shall confound the wise, and the"
JS-H 1:17,,
JS-H 1:30-33,,
Rev. 14:6," angel to him on several occasions, in fulfillment of the revelation to John the ", angel fly in the 
Isa. 29:14,,
John 8:38-59,,
John 3:19,", that he was hated by them because he testified of their works which were evil.",", that light is come into the world, and men loved darkness rather than light, because their deeds were evil."
Matt. 10:25," the men who, in this respect, have not been more "," the master of the house Beelzebub, how much more "
John 15:20,,
John 3:19," the world, and because men choose darkness rather than light, their deeds "," the world, and men loved darkness rather than light, because their deeds "
D&C 20:1,,
John 3:3,"Verily, verily, I say unto thee, Except a man be born again, he cannot see the kingdom of God.","Verily, verily, I say unto thee, Except a man be born again, he cannot see the kingdom of God."
Dan. 2:44,,
Dan. 7:27,,
Dan. 7:18," the kingdom is to be given to the Saints of the [p.226b] Most High, to possess it forever and ever."," the kingdom for ever, even for ever and ever."
Mark 9:30-32,,
Luke 9:43-45,,
Luke 18:31-34,,
Luke 24:6-8,,
John 2:18-22,,
John 12:16, when he told them he was g, when Jesus was g
John 16:7," that if he did not leave them, the Comforter could not come"," that I go away: for if I go not away, the Comforter will not come"
Matt. 4:19,"to their nets, that instead of pursuing the high calling of “fishers of men","to them, Follow me, and I will make you fishers of men"
John 21:3,,
Heb. 9:16-17,,
D&C 135:3,,
1 Pet. 3:18-19,,
1 Pet. 4:6, be judged according to men in the flesh, be judged according to men in the flesh
Acts 10:34,d is no respecter of persons,d is no respecter of persons
1 Cor. 15:29,"ch are baptized for the dead, if the dead rise not at all? why are they then baptized for the dead?","ch are baptized for the dead, if the dead rise not at all? why are they then baptized for the dead?"
Isa. 52:1,,
D&C 82:14," Zion arises in beauty, and "," Zion must increase in beauty, and "
Luke 22:35," without purse or scrip,"," without purse, and scrip,"
Luke 22:35,"nto the world and preach the Gospel, traveling from place to place on foot, without purse or scrip,","nto them, When I sent you without purse, and scrip,"
Rev. 14:13,"forth: Yea, saith the Spirit, that they may rest from their labors; and their works do follow them.","forth: Yea, saith the Spirit, that they may rest from their labours; and their works do follow them."
D&C 58:30-31,"ord, that I command and am not obeyed? Who am I, saith the Lord, that I promise and do not fulfill","ord, that will hold him guiltless that obeys not my commandments?Who am I, saith the Lord, that have promised and have not fulfill"
Isa. 55:1,", and from country to country, to preach the word of God without money and without price",", and he that hath no money; come ye, buy, and eat; yea, come, buy wine and milk without money and without price"
D&C 58:30-31,"ord, that I command and am not obeyed? Who am I, saith the Lord, that I promise and do not fulfill","ord, that will hold him guiltless that obeys not my commandments?Who am I, saith the Lord, that have promised and have not fulfill"
Rom. 6:5,"er in the likeness of his death,","er in the likeness of his death,"
Rom. 6:5,"er in the likeness of his death, and came forth in the likeness of his  [p.188a]resurrection","er in the likeness of his death, we shall be also in the likeness of his resurrection"
Gen. 49:10,,
Gen. 50:24,,
John 1:42,,
1 Cor. 1:27," of them were illiterate fishermen, (JST) poor men, weak things of the world", of the world to confound the wise; and God hath chosen the weak things of the world
D&C 1:19, weak things of the world, weak things of the world
Matt. 16:19,nto their hands he gave the keys of the kingdom of ,nto thee the keys of the kingdom of 
Luke 8:1,s of the kingdom of God,s of the kingdom of God
John 15:16,,
D&C 27:12,,
Matt. 16:19, on earth and in heaven, on earth shall be bound in heaven
Matt. 18:18, on earth and in heaven, on earth shall be bound in heaven
Ezek. 37:15-28,,
JS-H 1:59,,
D&C 13:1,,
JS-H 1:68-72,; and when he gave him the Priesthood under the hands of John the Baptist,"; and this shall never be taken again from the earth until the sons of Levi do offer again an offering unto the Lord in righteousness.He said this Aaronic Priesthood had not the power of laying on hands for the gift of the Holy Ghost, but that this should be conferred on us hereafter; and he commanded us to go and be baptized, and gave us directions that I should baptize Oliver Cowdery, and that afterwards he should baptize me.Accordingly we went and were baptized. I baptized him first, and afterwards he baptized me--after which I laid my hands upon his head and ordained him to the Aaronic Priesthood, and afterwards he laid his hands on me and ordained me to the same Priesthood--for so we were commanded.The messenger who visited us on this occasion and conferred this Priesthood upon us, said that his name was John, the same that is called John the Baptist"
D&C 27:12,,
D&C 135:3,,
Heb. 9:16-17,,
D&C 135:5,,
Dan. 4:3," kingdom which is to be an everlasting kingdom, and to whose dominion "," kingdom is an everlasting kingdom, and his dominion "
Dan. 7:27,,
Dan. 2:44,,
Dan. 7:18,"aints of the Most High, and they will possess it forever and ever.","aints of the most High shall take the kingdom, and possess the kingdom for ever, even for ever and ever."
Jer. 3:14, one of a family and two of a ," one of a city, and two of a "
Matt. 22:30, in the spirit world any more than there is any marrying and giving in marriage," in the resurrection they neither marry, nor are given in marriage"
Acts 10:34, God is no respecter of persons, God is no respecter of persons
1 Pet. 4:6,"r for them by proxy here in the flesh, that they may be judged according to men in the flesh","r for this cause was the gospel preached also to them that are dead, that they might be judged according to men in the flesh"
Isa. 60:22," little one shall become a thousand, and the small one a strong nation"," little one shall become a thousand, and a small one a strong nation"
3 Ne. 28:36-40,,
2 Pet. 1:8, these things we become barren and unfruitful ," these things be in you, and abound, they make you that ye shall neither be barren nor unfruitful "
D&C 76:63,ll come and reign on the earth,ll come in the clouds of heaven to reign on the earth
D&C 34:12,,
D&C 51:20," quickly,” “I come at an hour ye think not"," quickly, in an hour you think not"
D&C 110:16,,
D&C 106:4," coming is at the door,” “I come as a thief in the night"," coming of the Lord draweth nigh, and it overtaketh the world as a thief in the night"
D&C 61:38,,
D&C 35:15, looking for the coming, looking forth for the time of my coming
D&C 45:39, looking for the coming of ," looking forth for the great day of the Lord to come, even for the signs of the coming of "
D&C 58:31, the Lord promised these things without intending to fulfill," the Lord, that have promised and have not fulfill"
D&C 45:66, a place of safety for the , a place of safety for the 
D&C 109:38,,
JS-H 1:45,,
1 Cor. 1:27-28,"d to confound the world, and things that are nought to bring to nought things that are","d to confound the wise; and God hath chosen the weak things of the world to confound the things which are mighty;And base things of the world, and things which are despised, hath God chosen, yea, and things which are not, to bring to nought things that are"
D&C 6:3,,
John 9:4," while the day lasts, for by and by the night will come when no man can work."," while it is day: the night cometh, when no man can work."
